{
  "ppo": 0.33333333333333337,
  "dqn": 0.33333333333333337,
  "a2c": 0.33333333333333337
}