{
  "buy_hold": {
    "total_return": -0.07299306963807176,
    "sharpe_ratio": -3.2581434835211898,
    "max_drawdown": -0.15296006669297688
  },
  "dqn": {
    "total_return": 0.0,
    "sharpe_ratio": -3671020.5930133024,
    "max_drawdown": 0.0
  },
  "ddqn": {
    "total_return": 0.0,
    "sharpe_ratio": -3671020.5930133024,
    "max_drawdown": 0.0
  },
  "ppo": {
    "total_return": 0.0,
    "sharpe_ratio": -3671020.5930133024,
    "max_drawdown": 0.0
  },
  "a2c": {
    "total_return": 0.0,
    "sharpe_ratio": -3671020.5930133024,
    "max_drawdown": 0.0
  }
}